# form	pos	lemma	sense	freq
ཀ	DET			
ཀུ་ཅོ	NOUN			182
ཀུན	DET			237960
ཀུན་རྫོབ	NOUN			23443
ཀོ				646
ཀྱེ	INTJ			5001
ཀྱོག				
ཀྱོག་པོ				75
ཀླ་ཀློ				89
ཀླུ	NOUN			16929
ཀླུང	NOUN			4581
ཀློང	NOUN			9545
ཀློང་ཆེན	PROPN			278
དཀའ	VERB			
དཀར་པོ	ADJ			19284
དཀོན་མཆོག	NOUN			20045
དཀྱིལ	NOUN			
དཀྱིལ་འཁོར	NOUN			
དཀྱིལ་མོ་ཀྲུང				
བཀག	VERB			
བཀང	VERB			
བཀའ	NOUN			64900
བཀུར	VERB			
བཀུར་སྟི	NOUN			3091
བཀོད	VERB			
བཀོད་མ	NOUN			61
བཀོལ				
བཀྲ་ཤིས	NOUN			17204
བཀྲམ	VERB			
བཀྲེན	VERB			
བཀྲེས	VERB			
རྐང	NOUN			6193
རྐན	NOUN			967
རྐུན				
རྐུན་མ				393
རྐེད	NOUN			
རྐྱེན	NOUN			41834
ལྐོག	NOUN			4160
སྐ་རགས	NOUN			784
སྐད	NOUN			122153
སྐད་ཅིག	OTHER			29
སྐབས	NOUN			77868
སྐམ	VERB			1170
སྐར				
སྐར་ཁུང	NOUN			444
སྐར་མ	NOUN			2023
སྐར་རྩིས	OTHER			41
སྐལ	NOUN			
སྐུ	NOUN			87576
སྐུར	NOUN			3764
སྐེ	NOUN			833
སྐེ་རགས	NOUN			326
སྐོམ	NOUN			
སྐྱབས	NOUN			35356
སྐྱིལ་ཀྲུང	NOUN			4761
སྐྱིལ་མོ་ཀྲུང	NOUN			
སྐྱུ་རུ				164
སྐྱུ་རུ་ར	NOUN			164
སྐྱེ	NOUN			
སྐྱེ་མཆེད	NOUN			15925
སྐྱེ་གནས	NOUN			5016
སྐྱེ་བོ	NOUN			16650
སྐྱེད	VERB			6924
སྐྱེས	VERB			38730
སྐྱེས་བུ	NOUN			22404
སྐྱོ	VERB			
སྐྱོང	VERB			
སྐྱོན	NOUN			39012
སྐྲ	NOUN			12660
སྐྲངས				
སྐྲན				246
བརྐམ				
བསྐལ				204
བསྐུལ	VERB			
བསྐོར	VERB			
བསྐྱེད	VERB			
བསྐྱོད	VERB			
ཁ	PRON			69891
ཁ་ཅིག	PRON			
ཁ་ཏོན	NOUN			1852
ཁ་དོག	NOUN			21825
ཁ་ན་མ་ཐོ				
ཁ་ཟས	NOUN			4933
ཁ་རོག	ADJ			153
ཁང	NOUN			
ཁབ	NOUN			4897
ཁམ	NOUN			2097
ཁམས	NOUN			100683
ཁར་གཞོང				
ཁུ	PROPN			1233
ཁུ་ཚུར	NOUN			3157
ཁུང	NOUN			1971
ཁུང་བུ	NOUN			871
ཁུངས	NOUN			2669
ཁེངས	VERB			
ཁེབས	VERB			460
ཁོ	PRON			9001
ཁོ་ན	DET			26779
ཁོ་བོ	PRON			5337
ཁོ་ལག				24
ཁོང	PRON			20165
ཁོང་སྟོང				6
ཁོངས	NOUN			4557
ཁོམ	VERB			
ཁོར་ཡུག	NOUN			2312
ཁྭ	NOUN			422
ཁྱད	NOUN			6821
ཁྱད་པར	NOUN			2620
ཁྱབ	VERB			
ཁྱི	NOUN			3498
ཁྱིམ	NOUN			15051
ཁྱིམ་ཐབ	NOUN			631
ཁྱིམ་བདག	NOUN			9441
ཁྱུ	NOUN			98
ཁྱུང	NOUN			2636
ཁྱུང་ཆེན	NOUN			344
ཁྱུད				
ཁྱུད་མོ				26
ཁྱེད	PRON			48687
ཁྱེད་ཅག	PRON			
ཁྱེའུ	NOUN			
ཁྱེར	VERB			9732
ཁྱོད	PRON			109559
ཁྱོན	NOUN			1825
ཁྱོར				
ཁྲག	NOUN			18798
ཁྲག་ཁྲིག	NUM			3930
ཁྲི	NUM			17336
ཁྲི་ཕྲག				26
ཁྲིད	VERB			16499
ཁྲིམས	NOUN			3362
ཁྲུ	NOUN			4928
ཁྲོད	NOUN			2606
ཁྲོན་པ	NOUN			578
མཁན	PROPN			2731
མཁའ	NOUN			7068
མཁས	VERB			
མཁོ				
མཁྱེན	VERB			
མཁྲིས				
མཁྲེགས				
འཁུམས				
འཁོར	NOUN			57883
འཁོར་ཡུག	OTHER			752
འཁོར་ལོ	NOUN			50792
འཁྲི་ཤིང	OTHER			368
འཁྲིག				450
འཁྲུག	VERB			1242
ག	PRON			23661
གང་དག				175
གང་ཞིག				1
གང་ཟག	NOUN			40141
གད	VERB			560
གན	NOUN			1936
གར་བུ	NOUN			4
གལ	ADV			66941
གལ་ཆེ	OTHER			
གལ་ཏེ				
གི་ཝང				120
གུ	OTHER			3093
གུ་གུལ				1894
གུ་ལང				42
གུག	VERB			1565
གུང	ADV			1942
གུང་མོ				1296
གུད	VERB			3007
གུར	NOUN			4534
གུར་ཀུམ	NOUN			132
གུར་གུམ				720
གུས	VERB			
གེ་སར	PROPN			9
གེགས	NOUN			9348
གོ	VERB			
གོ་སྐབས				1750
གོ་ཆ	NOUN			5884
གོ་རིམས	NOUN			
གོང	NOUN			40771
གོང་མ	ADJ			9957
གོམ				
གོམས	VERB			
གོས	NOUN			27681
གྱ་གྱུ	NOUN			61
གྱ་ནོམ	ADJ			
གྱུར	VERB			
གྱེན	NOUN			9408
གྱོ་མོ	NOUN			437
གྲགས	VERB			
གྲངས	NOUN			
གྲངས་མེད	NOUN			
གྲི	NOUN			3449
གྲི་གུག	NOUN			4103
གྲིབ་མ	NOUN			1636
གྲུ	NOUN			4904
གྲུབ	VERB			
གྲོ	NOUN			805
གྲོ་ག				189
གྲོག				105
གྲོགས	NOUN			12282
གྲོང	NOUN			6316
གྲོང་ཁྱེར	NOUN			12409
གྲོང་རྡལ	NOUN			748
གྲོལ	VERB			
གྲོས	NOUN			1690
གྲྭ	NOUN			
གླ་སྒང				26
གླགས	VERB			1541
གླང	NOUN			2695
གླང་ཆེན	NOUN			2307
གླང་པོ་ཆེ	NOUN			
གླིང	NOUN			19996
གླུ	NOUN			7325
གླེགས་བམ	NOUN			3463
གླེགས་མ				23
གླེན	VERB			
གློ	NOUN			1123
གློ་བུར	OTHER			
གློག	NOUN			4361
དགའ	VERB			
དགའ་སྟོན	NOUN			2737
དགུ	NUM			26915
དགུ་པོ	NUM			
དགུང	NOUN			675
དགུན	ADV			
དགེ	NOUN			
དགེ་འདུན	NOUN			39254
དགེ་སྦྱོང	NOUN			7908
དགེ་སློང	NOUN			72619
དགོངས	VERB			
དགོད	VERB			2429
དགོན	OTHER			
དགོས	VERB			44514
དགྲ	NOUN			
དགྲ་བཅོམ	NOUN			
དགྲ་སྟ				178
དགྲོལ	VERB			
བགེགས	NOUN			30777
བགྱི	VERB			
བགྱིས	VERB			
བགྲང	VERB			
བགྲོད	VERB			2769
མགལ་མེ				237
མགུ	VERB			
མགུལ	NOUN			3729
མགོ	NOUN			17105
མགོ་བོ	NOUN			3838
མགོན	NOUN			
མགྱོགས	VERB			
མགྲིན	NOUN			
མགྲོན	NOUN			
འགག	VERB			2971
འགའ	DET			32013
འགའ་ཞིག	OTHER			
འགལ	VERB			
འགོག				2396
འགྱུར	VERB			
འགྱེད	VERB			1415
འགྲམ་				
འགྲམ་པ	VERB			368
འགྲིབ	VERB			
འགྲུབ	VERB			
འགྲེལ	NOUN			
འགྲོ	VERB			51537
རྒན	NOUN			
རྒན་རབས	NOUN			263
རྒུད	VERB			
རྒུན་ཆང				93
རྒུན་འབྲུམ	OTHER			125
རྒོད	NOUN			1911
རྒྱ	NOUN			36162
རྒྱ་སྐྱེགས	NOUN			344
རྒྱ་གར	PROPN			10930
རྒྱ་མཚོ	NOUN			26524
རྒྱང	NOUN			2687
རྒྱན	NOUN			36788
རྒྱབ	NOUN			12959
རྒྱབ་ཡོལ་				
རྒྱལ	VERB			11610
རྒྱལ་ཆེན	NOUN			2756
རྒྱལ་པོ	NOUN			65158
རྒྱལ་རིགས	NOUN			2791
རྒྱལ་སྲིད	NOUN			4806
རྒྱས	VERB			
རྒྱུ	NOUN			84021
རྒྱུ་སྐར	NOUN			1406
རྒྱུ་ཅན				551
རྒྱུ་སྤུན				33
རྒྱུ་མཚན	NOUN			21954
རྒྱུད	NOUN			93909
རྒྱུན	NOUN			49028
སྒ་ཆུ				
སྒང་བུ				
སྒེག	VERB			
སྒོ	NOUN			93542
སྒོ་ཁྱུད				44
སྒོམ	VERB			
སྒྱུ	NOUN			579
སྒྱུ་མ	NOUN			13952
སྒྱུ་རྩལ	NOUN			541
སྒྱུར	VERB			1953
སྒྲ	NOUN			66852
སྒྲ་གཅན	OTHER			1190
སྒྲིབ	NOUN			
སྒྲུབ	VERB			
སྒྲོ	NOUN			4088
སྒྲོགས	VERB			1517
བརྒལ	VERB			
བརྒྱ	NUM			50424
བརྒྱད	NUM			93792
བརྒྱད་ཅུ				
བརྒྱད་པོ	NUM			
བརྒྱན	VERB			
བརྒྱུས				
བསྒོམ	VERB			
བསྒོམས	VERB			
བསྒྲུབ	VERB			
བསྒྲུབས	VERB			
ང	PRON			46149
ང་རྒྱལ	NOUN			14608
ངག	NOUN			34607
ངང	NOUN			38700
ངན	VERB			
ངན་འགྲོ	NOUN			1495
ངན་ངོན				183
ངན་སོང	NOUN			9720
ངར་སྣབས				90
ངལ	VERB			
ངས	OTHER			
ངུར་སྨྲིག	NOUN			1633
ངེད	PRON			7222
ངེས	VERB			
ངེས་པར				
ངོ	PART			
ངོ་བོ	NOUN			72174
ངོ་ཚ	NOUN			1461
ངོ་མཚར	ADJ			10192
དངུལ	NOUN			4576
དངོས	NOUN			49912
དངོས་པོ	NOUN			62804
དངོས་གཞི	NOUN			
མངའ	VERB			8949
མངར	VERB			
མངོན	VERB			36960
མངོན་དུ				
མངོན་པར	OTHER			
མངོན་སུམ	NOUN			38549
རྔུབ				
ལྔ	NUM			118443
སྔ	ADV			
སྔ་ལྟས	NOUN			616
སྔ་མ	ADJ			25357
སྔ་རོལ	NOUN			2371
སྔགས	NOUN			87267
སྔར	NOUN			117
སྔོ	VERB			3148
སྔོན	ADV			
སྔོན་ཆད	ADV			1985
བསྔགས	VERB			
བསྔལ	VERB			
བསྔོ	VERB			
བསྔོས	VERB			
ཅ་ཅོ	NOUN			
ཅག				980
ཅང	PART			4419
ཅང་ཏེའུ	NOUN			584
ཅང་ཤེས	NOUN			45
ཅན	PART			38155
ཅི་སྟེ				
ཅི་མ་རུང				
ཅི་ཞིག				
ཅི་ཡང	OTHER			
ཅི་རིགས	OTHER			
ཅིག་ཅར	ADV			3957
ཅིག་ཤོས	DET			
ཅིའི་ཕྱིར				
ཅིའི་སླད་དུ				
ཅུང	OTHER			1155
ཅུང་ཟད	ADV			27823
ཅེ་སྤྱང	NOUN			590
ཅོག་པུ				4
ཅོད་པན	NOUN			3877
གཅན་ཟན				
གཅན་གཟན	NOUN			1405
གཅམ				
གཅིག	NUM			245226
གཅིག་པུ	ADJ			6844
གཅིན	NOUN			
གཅེར་བུ	ADJ			1972
གཅེས	VERB			
བཅང	VERB			
བཅད	VERB			
བཅའ	VERB			
བཅའ་སྒ				23
བཅས	VERB			
བཅིངས	VERB			
བཅུ	NUM			130156
བཅུ་དགུ				
བཅུ་གཅིག				1
བཅུ་གཉིས				
བཅུ་དྲུག				
བཅུ་བདུན				
བཅུ་བཞི				
བཅུ་གསུམ				
བཅུག	VERB			11080
བཅུད	NOUN			14077
བཅུད་ལེན	NOUN			1598
བཅུར				
བཅོ་བརྒྱད				
བཅོ་ལྔ				
བཅོམ	VERB			6200
བཅོམ་ལྡན་འདས	NOUN			
ལྕགས	NOUN			9279
ལྕགས་ཀྱུ	NOUN			5702
ལྕགས་སྦྲང				
ལྕི	VERB			
ལྕེ	NOUN			7056
ལྕེ་སྤྱང	NOUN			169
ཆ	NOUN			41152
ཆ་བྱད	NOUN			1483
ཆགས	VERB			
ཆང	NOUN			10377
ཆད	VERB			11194
ཆབ	NOUN			1512
ཆིག་བརྒྱ				
ཆིག་སྟོང				
ཆུ	NOUN			42010
ཆུ་བུར	NOUN			293
ཆུ་བོ	NOUN			5333
ཆུ་སྦྲང				
ཆུ་ཤེལ	OTHER			722
ཆུ་སྲིན	NOUN			2740
ཆུང	VERB			
ཆུང་ངུ	ADJ			
ཆུད	VERB			
ཆུབ	VERB			
ཆེ	VERB			
ཆེ་གེ་མོ	ADJ			
ཆེད	NOUN			21524
ཆེན				
ཆེན་པོ	ADJ			183575
ཆེམ་ཆེམ				109
ཆེས	VERB			13862
ཆོ་ག	NOUN			33647
ཆོ་འཕྲུལ	NOUN			7672
ཆོ་འབྲང				176
ཆོ་ལོ	OTHER			76
ཆོག	VERB			11978
ཆོམ་རྐུན	NOUN			2093
ཆོས	NOUN			392115
ཆོས་གོས	NOUN			9296
ཆོས་ཅན	NOUN			16413
ཆོས་ཉིད	NOUN			24946
མཆན	NOUN			1746
མཆན་ཁུང	NOUN			
མཆིས	VERB			
མཆུ	NOUN			2627
མཆུ་རིང				19
མཆེ				
མཆོག	ADJ			111760
མཆོག་ཉིད	NOUN			558
མཆོངས	VERB			450
མཆོད	VERB			
མཆོད་སྡོང	NOUN			535
འཆད	VERB			
འཆན་ཁུང				
འཆལ	VERB			
འཆི	VERB			
འཆོས	VERB			763
ཇི་སྐད				15
ཇི་སྙམ				
ཇི་སྙེད	OTHER			22
ཇི་ལྟ	ADJ			
ཇི་ལྟ་བུ་				
ཇི་ལྟར				
ཇི་ཙམ	PRON			
ཇི་བཞིན	OTHER			626
ཇི་སྲིད	PRON			12491
མཇུག	NOUN			8549
འཇམ	VERB			2574
འཇམ་དཔལ	PROPN			12647
འཇལ	VERB			
འཇིག	VERB			4975
འཇིག་རྟེན	NOUN			91116
འཇིགས	VERB			
འཇིམ				
འཇུག	VERB			25550
འཇུངས	VERB			
འཇེབས	VERB			
འཇོག	VERB			9978
རྗེ་དཔོན	NOUN			231
རྗེད				119
རྗེས	NOUN			141069
རྗེས་སུ	OTHER			
ལྗགས	NOUN			4182
ལྗང				2929
ལྗང་གུ				2281
ལྗང་བུ	OTHER			56
ལྗོན་ཤིང	NOUN			2628
བརྗིད				
བརྗེད	VERB			
བརྗོད	VERB			
ཉག་མ	ADJ			229
ཉན	VERB			
ཉན་ཐོས	NOUN			27491
ཉམ	NOUN			1849
ཉམ་ང	NOUN			
ཉམས	NOUN			59682
ཉི	NUM			2078
ཉི་མ	NOUN			22826
ཉི་ཚེ				
ཉི་ཤུ	NUM			18356
ཉི་ཤུ་ལྔ				
ཉི་ཤུ་གཅིག				
ཉི་ཤུ་གཉིས				
ཉི་ཤུ་རྩ་གཉིས				
ཉིང་མཚམས	NOUN			1440
ཉིང་ལག	OTHER			878
ཉིད	DET			381810
ཉིན	NOUN			9921
ཉུང	VERB			
ཉུང་ངུ	ADJ			659
ཉུངས་ཀར				
ཉེ	VERB			
ཉེ་དུ	NOUN			1926
ཉེ་བར				
ཉེར	NUM			16150
ཉོན	VERB			47270
ཉོན་མོངས	NOUN			17456
གཉའ	NOUN			
གཉའ་ཤིང	NOUN			323
གཉིས	NUM			
གཉིས་ཀ	OTHER			
གཉེན	NOUN			3768
གཉེན་པོ	NOUN			13119
གཉེན་མཚམས	NOUN			
གཉེར	VERB			
མཉན	VERB			
མཉམ	VERB			
མཉམ་ཉིད	NOUN			2238
མཉམ་པ་ཉིད	NOUN			
མཉེན	VERB			
མཉེས	VERB			4303
རྙེད	VERB			
སྙན	NOUN			4545
སྙན་དངགས	NOUN			650
སྙམ	VERB			
སྙིང	NOUN			36946
སྙིང་རྗེ	NOUN			19338
སྙིང་པོ	NOUN			35583
སྙེད	DET			20521
སྙོམས་པར				
བསྙད	VERB			
བསྙན				
བསྙེན	VERB			
བསྙེན་བཀུར	NOUN			4650
ཏ	OTHER			6851
ཏིང་ངེ་འཛིན	NOUN			
ཏིང་འཛིན	NOUN			10171
ཏིལ	NOUN			4284
ཏོག	NOUN			2793
གཏན	NOUN			20275
གཏམ	NOUN			9509
གཏི་མུག	NOUN			12986
གཏིང	NOUN			4580
གཏུགས	VERB			1793
གཏེར	NOUN			21337
གཏོགས	VERB			8451
གཏོང	VERB			
གཏོར	VERB			22577
གཏོས				149
བཏགས	VERB			
བཏང	VERB			
བཏབ	VERB			
བཏིང	VERB			
བཏེག	VERB			1212
རྟ	NOUN			18402
རྟ་ཅང་ཤེས				
རྟག	VERB			52163
རྟགས	NOUN			53957
རྟིང་པ				
རྟུལ	VERB			583
རྟུལ་པོ	ADJ			466
རྟེན	NOUN			53444
རྟོག	VERB			9338
རྟོག་གེ	NOUN			
རྟོགས	VERB			22351
ལྟ	NOUN			
ལྟ་སྟངས	NOUN			2186
ལྟ་བུ	NOUN			68275
ལྟག་ཆོད				491
ལྟར	OTHER			32
ལྟུང	VERB			
ལྟེ་བ	NOUN			8357
ལྟོ	NOUN			4084
ལྟོས	VERB			12600
སྟ	OTHER			
སྟ་གོན	NOUN			5278
སྟ་རེ	NOUN			194
སྟག	NOUN			4311
སྟག་མོ	NOUN			357
སྟག་ཚང	OTHER			202
སྟག་ཤམ				156
སྟན	NOUN			10406
སྟབས	NOUN			5252
སྟུག་པ				
སྟུག་པོ	ADJ			1024
སྟེང	NOUN			83119
སྟེངས	NOUN			
སྟེར	VERB			
སྟོང	NUM			83836
སྟོང་པ་ཉིད	NOUN			
སྟོང་ཕྲག	OTHER			499
སྟོང་ཕྲག་ཉི་ཤུ་ལྔ				
སྟོད	NOUN			3456
སྟོན	VERB			24767
སྟོབས	NOUN			
བརྟག	VERB			4748
བརྟགས	VERB			
བརྟན	VERB			
བརྟེན	VERB			
བལྟ	VERB			
བལྟས	VERB			
བསྟན	VERB			
བསྟན་བཅོས	NOUN			18014
བསྟེན	VERB			
བསྟོད	VERB			
ཐ	NOUN			18106
ཐ་དད	ADJ			
ཐ་མ	ADJ			14191
ཐ་མལ	ADJ			
ཐ་ཚིག	NOUN			1593
ཐ་ཤལ	ADJ			
ཐག	VERB			21925
ཐགས	NOUN			1157
ཐད	NOUN			5845
ཐབ				
ཐབ་ཁུང	NOUN			1425
ཐབ་མོ				
ཐབས	NOUN			58614
ཐམ				
ཐམས་ཅད	DET			447936
ཐར	VERB			
ཐལ	VERB			
ཐལ་ཁུང				
ཐིག	NOUN			4074
ཐིག་ལེ	NOUN			20378
ཐིགས	NOUN			
ཐིབས	VERB			
ཐུག	VERB			19693
ཐུགས	NOUN			68634
ཐུང	VERB			
ཐུང་ངུ	OTHER			191
ཐུན	NOUN			12827
ཐུན་མོང	ADJ			25959
ཐུབ	VERB			
ཐེག	VERB			833
ཐོ	NOUN			1759
ཐོག	NOUN			12628
ཐོགས	VERB			16395
ཐོད་རྒལ	OTHER			431
ཐོབ	VERB			50873
ཐོས	VERB			
མཐའ	NOUN			45097
མཐའ་དག	DET			13195
མཐིང				1785
མཐིང་ཤུན				
མཐིལ	NOUN			3040
མཐུ	NOUN			16478
མཐུག				62
མཐུན	VERB			
མཐེ་བོང	NOUN			2644
མཐོ	VERB			3309
མཐོང	VERB			67396
མཐོན				
འཐག	VERB			633
འཐད	VERB			
འཐབ	VERB			
འཐོབ	VERB			
འཐོར	VERB			
ད	ADV			62520
ད་ལྟ	OTHER			
དག	DET			440570
དང་པོ	ADJ			162718
དད	VERB			
དམ	PART			
དལ	NOUN			3287
དུ་མ	ADJ			16024
དུག	NOUN			21558
དུད་འགྲོ	NOUN			3630
དུར	NOUN			837
དུར་ཁྲོད	NOUN			16812
དུལ	VERB			
དུས	NOUN			188720
དེ	DET			
དེ་ཉིད	NOUN			1976
དེ་ལྟ་ན				
དེ་ལྟ་བས་ན				
དེ་ལྟར				
དེ་དག	OTHER			13
དེ་ནས				
དེ་བས་ན				
དེ་བཞིན་ཉིད	NOUN			
དེ་ཡང	ADV			
དེ་སྲིད	ADV			1
དེང	ADV			11639
དེང་སང	ADV			4734
དེད་དཔོན	NOUN			2793
དོ་ཤལ	OTHER			1369
དོག་				
དོན	NOUN			307198
དོན་དག	OTHER			16
དོར	VERB			7411
དྲག་པོ	ADJ			12251
དྲག་ཤུལ	NOUN			558
དྲང	VERB			
དྲན	VERB			
དྲི	NOUN			15192
དྲི་ཆབ				664
དྲིང	NOUN			658
དྲིན	NOUN			3159
དྲུག	NUM			
དྲུག་ཅུ	NUM			
དྲུག་པོ	NUM			
དྲུང	NOUN			20389
དྲེག	NOUN			339
དྲེགས	NOUN			
དྲེགས་པ	VERB			5369
དྲོ	NOUN			645
དྲོད	NOUN			7297
གདན	NOUN			25820
གདམས	NOUN			
གདམས་ངག	NOUN			13243
གདའ	VERB			1687
གདུ་གུ				2
གདུག་རྩུབ	OTHER			439
གདུགས	NOUN			6858
གདུང	NOUN			3738
གདུལ་བྱ	NOUN			9939
གདོང	NOUN			7670
བདག	PRON			255324
བདག་ཅག	PRON			
བདག་ཉིད	NOUN			17174
བདག་པོ	NOUN			14403
བདར	OTHER			
བདུད	NOUN			31976
བདུན	NUM			
བདུན་ཅུ				
བདུན་པོ	NUM			
བདེ	VERB			
བདེ་འགྲོ	NOUN			947
བདེ་བླག	ADJ			2174
བདེན	VERB			
བདོག	VERB			457
མདག				
མདག་མེ				
མདངས	NOUN			4541
མདའ	NOUN			7948
མདུང	NOUN			2845
མདུང་ཐུང	NOUN			212
མདུན	NOUN			47505
མདུན་ན་འདོན	NOUN			
མདོ	NOUN			28584
མདོ་སྡེ	NOUN			7052
མདོག	NOUN			10300
མདོམས				122
མདོར་ན				
འདབ	OTHER			
འདབ་ཆགས	OTHER			1065
འདབ་མ	NOUN			7054
འདམ་བུ	NOUN			182
འདའ	VERB			
འདས	VERB			
འདི	DET			532945
འདི་སྐད				
འདི་ལྟ་སྟེ				
འདི་ལྟར				
འདི་དག				2
འདི་འདྲ				
འདི་ཙམ				
འདུ	VERB			
འདུ་བྱེད	NOUN			17904
འདུ་འཛི	NOUN			920
འདུ་ཤེས	NOUN			24985
འདུག	VERB			28206
འདུན	VERB			1223
འདུས	VERB			45315
འདུས་བྱས	NOUN			4857
འདུས་མ་བྱས				
འདེབས	VERB			
འདོགས	VERB			
འདོང	VERB			
འདོད	VERB			
འདོད་ཆགས	NOUN			27035
འདོར	VERB			
འདྲ	VERB			
འདྲེས	VERB			
རྡུལ	NOUN			21467
རྡོ	NOUN			4378
རྡོ་རྗེ	NOUN			63072
རྡོག	NOUN			435
ལྡན	VERB			
ལྡེ་མིག	NOUN			721
ལྡོག	VERB			9520
སྡིག	NOUN			6381
སྡུག	VERB			13427
སྡུག་བསྔལ	NOUN			57495
སྡུད	VERB			
སྡེ	NOUN			17846
བརྡ	NOUN			11579
བསྡུ	VERB			
བསྡུད				
བསྡུས	VERB			
ན	ADP			
ན་རེ	ADP			3175
ན་ལེ་ཤམ				
ནག	VERB			3448
ནག་ནོག				64
ནགས	NOUN			4112
ནང	NOUN			117282
ནད	NOUN			29281
ནན	NOUN			2574
ནན་ཏན	NOUN			6734
ནམ	PRON			
ནམ་མཁའ	NOUN			45364
ནལ་ཤམ				
ནུ་མ	NOUN			1673
ནུབ	ADV			17958
ནུས	VERB			34849
ནེ་ཙོ	NOUN			366
ནེམ				
ནེམ་ནུར				24
ནེའུ་ལེ	OTHER			597
ནེའུ་སིང				66
ནོར་བུ	NOUN			16931
གནག	VERB			786
གནམ	NOUN			2472
གནས	NOUN			188946
གནས་སྐབས	NOUN			16423
གནས་བརྟན	NOUN			5020
གནོད	VERB			
གནོན	VERB			
མནན	VERB			
རྣ	NOUN			
རྣག	NOUN			
རྣམ	NOUN			
རྣམས	DET			678552
རྣལ	VERB			
རྣལ་འབྱོར	NOUN			49933
རྣལ་མ				627
རྣོ	VERB			
རྣོ་བ	VERB			714
རྣོན་པོ	ADJ			1423
སྣ	NOUN			23419
སྣ་ཁུང				9
སྣ་ཚོགས	DET			53097
སྣག	NOUN			350
སྣང	VERB			50580
སྣབས				268
སྣམ་བུ	NOUN			2121
སྣམ་སྦྱར	NOUN			368
སྣུམ	NOUN			1294
སྣུམ་པ				335
པགས	NOUN			
པང	NOUN			
པད				
པད་མ	NOUN			3619
པད་མོ	NOUN			
པདྨ	NOUN			
པི་ཝང	OTHER			757
པུ་སྟི				
པུ་ཤེལ				40
པུས་མོ	NOUN			2374
དཔག	VERB			27269
དཔག་ཚད	NOUN			6932
དཔའ	NOUN			5145
དཔལ	OTHER			23203
དཔུང	NOUN			9610
དཔེ	NOUN			17839
དཔེ་བྱད	NOUN			
དཔེར་ན				
དཔོན	NOUN			
དཔྱིད	NOUN			1585
དཔྱིད་ཀ				23
དཔྲལ་བ	NOUN			1435
ལྤགས				
སྤང	VERB			12211
སྤངས	VERB			
སྤུ	NOUN			2813
སྤུ་གྲི	NOUN			1828
སྤུན	NOUN			2197
སྤུན་ཟླ	OTHER			27
སྤེལ	VERB			
སྤོང	VERB			
སྤོབས	VERB			
སྤྱད	VERB			7310
སྤྱན	NOUN			50065
སྤྱི	DET			25708
སྤྱི་གཙུག	NOUN			4139
སྤྱིའུ་ཚུགས				56
སྤྱོད	VERB			21023
སྤྱོད་ལམ	NOUN			5485
སྤྲ་ཚིལ				185
སྤྲིང་ཡིག	OTHER			
སྤྲིན	NOUN			16620
སྤྲུལ	VERB			
སྤྲེའུ	NOUN			1512
སྤྲོས	VERB			5294
ཕ	NOUN			10224
ཕ་གུ	NOUN			
ཕ་བོང	NOUN			359
ཕ་རོལ	NOUN			79984
ཕག	NOUN			2746
ཕག་མོ	PROPN			3689
ཕན	NOUN			
ཕན་ཆད	ADV			1754
ཕན་ཚུན	ADV			13131
ཕན་ཡོན	NOUN			11509
ཕལ	NOUN			
ཕལ་ཆེ	ADJ			
ཕུང་པོ	NOUN			30288
ཕུན་ཚོགས	ADJ			4214
ཕུན་སུམ	OTHER			
ཕོ་བྲང	NOUN			13361
ཕོད	VERB			1647
ཕྱག	NOUN			129604
ཕྱག་དར	NOUN			842
ཕྱང་ངེ				
ཕྱི	NOUN			21864
ཕྱི་མ	ADJ			22596
ཕྱི་རབས	OTHER			
ཕྱིན	VERB			
ཕྱིར	OTHER			324
ཕྱིས	VERB			774
ཕྱུགས	NOUN			1652
ཕྱེ	VERB			
ཕྱེ་མ་ལེབ	OTHER			
ཕྱེད	NUM			19919
ཕྱོགས	NOUN			111807
ཕྲ	NOUN			6506
ཕྲག	NUM			34204
ཕྲག་དོག	NOUN			5852
ཕྲད	VERB			4353
ཕྲན	OTHER			1890
ཕྲིན	NOUN			1253
ཕྲིན་ལས	NOUN			36224
ཕྲུ་གུ	NOUN			473
ཕྲུག་གུ	NOUN			
ཕྲེང	OTHER			
འཕགས	VERB			
འཕང	VERB			1549
འཕར				629
འཕེན	VERB			
འཕེལ	VERB			
འཕོ	VERB			
འཕོང	VERB			508
འཕོས	VERB			
འཕྲུལ	VERB			
འཕྲོ	NOUN			
འཕྲོག	VERB			2110
འཕྲོགས	VERB			
བ	X			
བ་དན	NOUN			3495
བག	NOUN			6955
བག་ཆགས	NOUN			17981
བག་ཚ	NOUN			
བང་མཛོད	NOUN			1557
བད་ཀན	OTHER			705
བན	OTHER			449
བན་དེ	NOUN			102
བན་བུན				114
བབ	VERB			6709
བབས	VERB			6660
བར	NOUN			116325
བར་ཆད	NOUN			22632
བར་མ་དོ				
བལ་བ་ཛ				
བུ	NOUN			74929
བུ་ག	NOUN			3320
བུ་ཡུག	NOUN			312
བུ་རམ་ཤིང	NOUN			
བུག				340
བུང				
བུད་ཤིང	NOUN			3339
བུམ	NOUN			
བེ་ཅོན				671
བེམས				
བེའུ	NOUN			510
བོང	NOUN			
བོང་བ				293
བོང་བུ་				
བོད	PROPN			19030
བོར	VERB			4797
བྱ	VERB			
བྱ་ཁྱུང	OTHER			661
བྱ་རོག	NOUN			2522
བྱང	NOUN			23564
བྱང་ཆུབ	NOUN			84995
བྱད				1333
བྱད་མ				1937
བྱད་བཞིན	NOUN			
བྱད་གཟུགས	NOUN			295
བྱམས	VERB			
བྱས	VERB			
བྱིན	VERB			71925
བྱིས	OTHER			
བྱུང	VERB			80941
བྱེ	NOUN			
བྱེ་བྲག	NOUN			27273
བྱེ་མ	NOUN			4972
བྱེད	VERB			
བྱེད་པ་པོ	NOUN			
བྲག་ཅ				247
བྲག་ཞུན				58
བྲང	NOUN			1027
བྲང་འགྲོ	NOUN			17
བྲམ་ཟེ	NOUN			11871
བྲལ	VERB			
བླ	NOUN			30688
བླ་གོས	NOUN			1407
བླ་དགས				
བླ་མ	NOUN			93504
བླངས	VERB			
བླུན	VERB			
བློ	NOUN			43274
བློ་གྲོས	NOUN			15252
བློན་པོ	NOUN			4250
དབང	NOUN			224616
དབང་པོ	NOUN			43406
དབང་ཕྱུག	NOUN			16702
དབད				
དབལ				949
དབུ	NOUN			15505
དབུ་སྐྲ	OTHER			36
དབུགས	NOUN			11589
དབུས	NOUN			44120
དབེན	VERB			
དབྱངས	NOUN			16996
དབྱར	ADV			
དབྱིག	NOUN			967
དབྱིངས	NOUN			39324
དབྱིབས	NOUN			9172
དབྱེ	VERB			9960
འབད	VERB			
འབའ་ཞིག				1
འབར	VERB			
འབུ	NOUN			1017
འབུམ	NUM			15396
འབུམ་ཕྲག	OTHER			73
འབུས	VERB			
འབྱིན	VERB			
འབྱུང	VERB			
འབྱེད	VERB			
འབྱོར	VERB			
འབྲང	VERB			5063
འབྲངས	VERB			
འབྲས	NOUN			10397
འབྲས་ཆན				46
འབྲས་བུ	NOUN			76244
འབྲིང	NOUN			
འབྲུག	NOUN			3064
འབྲུམ་ཕྲན				
འབྲུམ་བུ				337
འབྲེལ	VERB			
འབྲོག	NOUN			808
རྦོབས				
ལྦ་བ	NOUN			124
སྦགས				
སྦམས				
སྦལ				467
སྦུད				
སྦུར				
སྦྱངས	VERB			
སྦྱར	VERB			
སྦྱིན	VERB			13754
སྦྱོང	VERB			
སྦྱོར	VERB			18422
སྦྲང				
སྦྲང་བུ	NOUN			609
སྦྲང་མ	NOUN			440
སྦྲང་རྩི	NOUN			2141
སྦྲུལ	NOUN			9292
སྦྲེལ་མ				101
མ	PART			948982
མ་ནིང	OTHER			1907
མ་འོངས	NOUN			
མ་རབས	NOUN			180
མ་རིག	NOUN			1494
མ་རུངས				
མ་ཧེ				
མང	VERB			
མང་པོ	ADJ			28762
མན་ངག	NOUN			23785
མན་ཆད	ADV			5042
མན་ཤེལ				468
མར་མེ	NOUN			7495
མལ				1368
མལ་ཆ	NOUN			647
མལ་སྟན	NOUN			917
མི	PART			883801
མི་དགེ	NOUN			
མི་རྟག	OTHER			
མི་གཙང				
མིག	NOUN			49947
མིང	NOUN			46629
མིན	AUX			44168
མུ	NOUN			2487
མུ་ཁྱུད	NOUN			4502
མུ་གེ	NOUN			1006
མུ་ཅོར	ADJ			220
མུ་ཏིག	NOUN			3543
མུ་སྟེགས	NOUN			5849
མུན	NOUN			
མུན་ཁུང	NOUN			261
མེ	NOUN			44915
མེ་ཏོག	NOUN			38196
མེ་སྟག	OTHER			697
མེ་ཐབ	NOUN			363
མེ་ཤེལ	NOUN			332
མེད	VERB			
མོ	PRON			
མོ་གཤམ	NOUN			776
མོག་མོག་པོ	NOUN			
མོངས	VERB			
མོད	VERB			16465
མོན	PROPN			
མོན་མོ				
མོན་སྲན				297
མོས	VERB			
མྱ་ངན	NOUN			35125
མྱག				93
མྱུ་གུ	NOUN			5632
མྱུར	VERB			
མྱོང	VERB			
དམག	NOUN			9029
དམག་དཔོན	NOUN			1085
དམངས	NOUN			395
དམངས་རིགས	PROPN			442
དམན	VERB			
དམར	VERB			
དམིགས	VERB			
དམྱལ	VERB			
རྨ	NOUN			2387
རྨད	VERB			
རྨི་ལམ	NOUN			21496
རྨོངས	VERB			
སྨ	ADJ			206
སྨ་ར	NOUN			428
སྨག	NOUN			106
སྨད	NOUN			5501
སྨན	NOUN			19884
སྨིག་རྒྱུ	NOUN			
སྨིག་སྒྱུ				
སྨིན	VERB			
སྨེ				27
སྨེ་ཤ				
སྨོད				300
སྨོན	VERB			
སྨོན་ལམ	NOUN			21445
སྨོས	VERB			
སྨྱིག་མ				74
སྨྱུ་གུ	NOUN			112
སྨྱོན				
སྨྲ	VERB			
སྨྲེ་སྔགས	NOUN			1450
ཙ་བྱ				
ཙན་དན	NOUN			2306
ཙནྡན	NOUN			
ཙམ	DET			141629
གཙང	PROPN			
གཙང་མ	ADJ			2637
གཙུག	NOUN			4400
གཙུག་ཏོར	PROPN			4090
གཙུག་ཕུད	NOUN			590
གཙུག་ལག	NOUN			1426
གཙུག་ལག་ཁང	NOUN			
གཙོ	NOUN			
བཙན་པོ	NOUN			324
བཙུན	VERB			
བཙོག	VERB			235
བཙོན་ར	NOUN			100
རྩ	NUM			93414
རྩལ	NOUN			11071
རྩིབས	NOUN			
རྩུབ	VERB			
རྩུབ་མོ	ADJ			134
རྩེ	NOUN			
རྩེ་མོ	NOUN			9087
རྩོམ	VERB			
རྩྭ	NOUN			2474
སྩལ	VERB			
བརྩམ	VERB			
བརྩམས	VERB			
བརྩོན	VERB			
བརྩོན་འགྲུས	NOUN			17778
ཚ	VERB			3302
ཚང་ཚིང	OTHER			403
ཚངས	VERB			1742
ཚངས་རིས	NOUN			874
ཚད	NOUN			48990
ཚད་མ	NOUN			14895
ཚན	NOUN			7356
ཚལ	NOUN			7795
ཚི་གུ				21
ཚིག	NOUN			63411
ཚིགས	NOUN			16533
ཚིམ	VERB			
ཚིལ	NOUN			1364
ཚུ	OTHER			
ཚུ་རོལ	NOUN			999
ཚུལ	NOUN			106863
ཚུལ་ཁྲིམས	NOUN			30725
ཚེ	NOUN			182765
ཚེ་རབས	NOUN			4743
ཚེག				148
ཚེག་དྲག				341
ཚེགས	NOUN			1848
ཚེར་མ	NOUN			1110
ཚེས	NOUN			14163
ཚོགས	NOUN			93042
ཚོང	NOUN			811
ཚོང་དཔོན	NOUN			2046
ཚོན	NOUN			6279
ཚོར	VERB			
ཚོལ	VERB			2168
ཚྭ	NOUN			4580
མཚང	NOUN			935
མཚན	NOUN			34344
མཚན་ཉིད	NOUN			66419
མཚན་མ	NOUN			25280
མཚམས	NOUN			29575
མཚར	VERB			
མཚུངས	VERB			
མཚོ	NOUN			10989
མཚོན	NOUN			15448
འཚང	VERB			9625
འཚལ	VERB			
འཚོ	VERB			
མཛངས	ADJ			
མཛད	VERB			
མཛའ	VERB			
མཛའ་བོ	NOUN			800
མཛའ་མོ	OTHER			125
མཛའ་བཤེས	OTHER			520
མཛུབ	NOUN			933
མཛུབ་མོ	NOUN			2373
མཛེ				884
མཛེས	VERB			
མཛོད	NOUN			18900
འཛག	VERB			1833
འཛམ་བུ	NOUN			
འཛིན	VERB			41710
རྫ	NOUN			
རྫས	NOUN			43958
རྫུ་འཕྲུལ	NOUN			14542
རྫུན	NOUN			2980
རྫོགས	VERB			
བརྫུན	NOUN			
ཝ	OTHER			2388
ཝ་སྐྱེས	OTHER			11
ཞག	NOUN			23695
ཞགས				
ཞན	PROPN			
ཞབས	NOUN			34680
ཞི	VERB			
ཞི་གནས	NOUN			6230
ཞིང	SCONJ			
ཞིམ	VERB			
ཞུ	VERB			14265
ཞུགས	VERB			26959
ཞུན				
ཞུན་མ				138
ཞུན་མར				293
ཞུས	VERB			6404
ཞེ	PART			101021
ཞེ་སྡང	NOUN			15312
ཞེང				
ཞེན	VERB			
ཞོ	NOUN			3016
གཞག	VERB			4615
གཞང་འབྲུམ				57
གཞན	DET			295512
གཞན་དག				2
གཞལ	VERB			
གཞི	NOUN			36365
གཞིགས	VERB			71
གཞུང	NOUN			43154
གཞོགས				89
གཞོན	NOUN			
གཞོན་ནུ	ADJ			
གཞོལ				
བཞག	VERB			34645
བཞི	NUM			151745
བཞི་པོ	NUM			11909
བཞིན	NOUN			267940
བཞུགས	VERB			
བཞེད	VERB			
བཞོན				162
ཟ་འབྲུམ				
ཟ་མ་ཏོག	NOUN			676
ཟག	VERB			1426
ཟང་ཟིང	NOUN			3263
ཟངས	NOUN			5467
ཟད	VERB			
ཟན	NOUN			5665
ཟབ	VERB			
ཟབ་མོ	ADJ			13238
ཟས	NOUN			19701
ཟིན	VERB			22353
ཟིལ	NOUN			11159
ཟུག་རྔུ	NOUN			1191
ཟུང	VERB			9829
ཟེར	VERB			28046
ཟོས	VERB			
ཟླ	NOUN			
གཟའ	NOUN			8245
གཟི	OTHER			748
གཟི་བརྗིད	NOUN			6024
གཟིགས	VERB			
གཟིངས	NOUN			509
གཟུ				
གཟུ་ལུམས	NOUN			
གཟུགས	NOUN			68067
གཟུང	VERB			
གཟུངས	NOUN			17646
གཟེབ	NOUN			336
གཟོད	ADV			
གཟོད་མ	ADV			146
བཟང	VERB			15759
བཟང་པོ	ADJ			20455
བཟངས	VERB			
བཟད	NOUN			
བཟའ	NOUN			1308
བཟོད	VERB			
འི	ADP			
འུག				
འུར				93
འོ	PART			
འོ་ན				335
འོག	NOUN			41863
འོག་མ	ADJ			6023
འོག་མིན	PROPN			6360
འོང	VERB			15182
འོངས	VERB			
འོད	NOUN			48133
འོད་མ	NOUN			109
འོན	ADV			
འོན་ཀྱང				14
འོན་ཏེ				1
འོལ				
འོས	VERB			
ཡ	NOUN			4708
ཡ་ང་བ	ADJ			255
ཡ་ཡོ	NOUN			
ཡ་རབས	NOUN			389
ཡང་དག	ADJ			30888
ཡང་ན				
ཡངས	VERB			
ཡངས་པ	ADJ			2114
ཡན་ལག	NOUN			49791
ཡབ	NOUN			15096
ཡམ་ཤིང				1667
ཡར་ངོ	NOUN			4
ཡལ་ག	NOUN			2411
ཡས				2076
ཡི	ADP			
ཡི་གེ	NOUN			37156
ཡི་དགས	NOUN			
ཡི་དྭགས	NOUN			4367
ཡིག	NOUN			10709
ཡིག་འབྲུ	NOUN			3370
ཡིད	NOUN			
ཡུངས				
ཡུངས་ཀར				1676
ཡུངས་ནག				55
ཡུད	NOUN			3460
ཡུད་ཙམ				
ཡུན	NOUN			7367
ཡུམ	NOUN			29184
ཡུལ	NOUN			93167
ཡུལ་ཅན	NOUN			7745
ཡེ	ADV			8378
ཡེ་ཤེས	NOUN			
ཡོ་བྱད	NOUN			12919
ཡོངས	DET			160615
ཡོངས་སུ				
ཡོད	VERB			
ཡོན	NOUN			5151
ཡོན་ཆབ				230
ཡོན་ཏན	NOUN			66103
གཡང	NOUN			3898
གཡང་ས				839
གཡས	NOUN			
གཡུང་དྲུང	OTHER			1517
གཡུལ	NOUN			4536
གཡེང	VERB			
གཡེངས	VERB			
གཡོ	VERB			3717
གཡོན	NOUN			
ར	ADP			4707770
རག	VERB			3751
རགས	VERB			1408
རང	PRON			311255
རང་ཉིད	OTHER			2028
རང་བཞིན	NOUN			111452
རབ	ADV			148692
རབ་ཏུ				
རབ་འབྱོར	PROPN			22974
རབ་རིབ	NOUN			1319
རབས	NOUN			2596
རལ་གྲི	NOUN			6759
རས་ཡུག	NOUN			673
རི	NOUN			13583
རི་དྭགས	NOUN			2986
རི་བོང	NOUN			2161
རི་རབ	PROPN			7077
རིག	VERB			12367
རིགས	NOUN			128611
རིང	NOUN			10748
རིང་པོ	ADJ			4096
རིན	NOUN			2167
རིན་ཆེན	OTHER			22841
རིན་ཐང	OTHER			1696
རིན་པོ་ཆེ	ADJ			31731
རིམ	NOUN			
རིམ་གྲོ	NOUN			2645
རིམས	NOUN			2270
རིམས་ནད	NOUN			661
རིས	NOUN			9251
རུང	SCONJ			52256
རུས	NOUN			
རུས་སྦལ	NOUN			1481
རེ་སྐན	ADV			
རེ་ཞིག				
རེ་རེ	DET			19247
རེངས	VERB			
རོ	NOUN			
རོ་ཙ	OTHER			14
རོལ	VERB			5216
རྭ	NOUN			4196
རླབས	OTHER			4305
རླབས་པོ་ཆེ	OTHER			
རླུང	NOUN			66665
རློམ་སེམས	NOUN			6432
བརླ	NOUN			1550
བརླང				
ལ	ADP			
ལ་ལ	PRON			10643
ལ་སོགས				
ལག	NOUN			16668
ལགས	AUX			34011
ལང་ཚོ	OTHER			1746
ལང་ལིང				74
ལངས	VERB			
ལན	NOUN			74093
ལན་ཚྭ				148
ལམ་པོ་ཆེ	NOUN			
ལི་ཁྲི	NOUN			35
ལིང་ཏོག	NOUN			278
ལུ་གུ་རྒྱུད				
ལུགས	NOUN			42276
ལུང	NOUN			55722
ལུས	NOUN			152138
ལེ་བརྒན	NOUN			422
ལེ་ལོ	NOUN			2625
ལེགས	VERB			
ལེན	VERB			
ལེའུ	NOUN			18886
ལོ	NOUN			
ལོག	VERB			18540
ལོགས	NOUN			8699
ལོང	VERB			4031
ལོངས	VERB			7618
ལོངས་སྤྱོད	NOUN			28756
ལྭ་བ	NOUN			245
ཤ	NOUN			18322
ཤ་སྟག	DET			2522
ཤ་སྦྲང				7
ཤངས	PROPN			1464
ཤམ་ཐབས	NOUN			2352
ཤམ་བུ	NOUN			784
ཤར	VERB			25662
ཤལ				
ཤི	VERB			
ཤིན	ADV			
ཤིན་ཏུ				
ཤུ་དག				396
ཤུན				
ཤུལ	NOUN			2344
ཤེ་རུལ				
ཤེལ	NOUN			4781
ཤེལ་སྒོང				184
ཤེས	VERB			
ཤེས་བྱ	VERB			7228
ཤེས་རབ	NOUN			74735
གཤིན་རྗེ	OTHER			4295
གཤེགས	VERB			
གཤེད	NOUN			3113
གཤེད་མ	NOUN			535
བཤད	VERB			
བཤེས	VERB			
བཤེས་གཉེན	NOUN			10802
ས	ADP			1744352
ས་ཁུང	NOUN			6
ས་བོན	NOUN			29040
ས་ལེ	ADV			
ས་ལེ་སྦྲམ	NOUN			
སང	ADV			2618
སང་ཕོད				80
སངས	VERB			
སངས་རྒྱས	NOUN			199781
སིལ				
སིལ་སྙན	NOUN			1746
སིལ་བུ	OTHER			219
སིལ་མ	NOUN			420
སུ	ADP			
སུ་ཞིག				
སུམ་བརྒྱ	OTHER			
སུམ་ཅུ	OTHER			
སུམ་ཅུ་རྩ་གཉིས				
སུམ་ཅུ་རྩ་བདུན				
སུམ་ཅུ་རྩ་གསུམ	PROPN			
སེ				695
སེ་གོལ	NOUN			1777
སེ་རལ				
སེང་གེ	NOUN			7851
སེན	NOUN			
སེན་མོ	NOUN			1489
སེམས	NOUN			205998
སེམས་ཅན	NOUN			138000
སེམས་དཔའ	NOUN			43934
སེར་སྣ	NOUN			2907
སེལ	VERB			12604
སོ	PART			
སོ་སོ	PRON			
སོག་ལེ				77
སོང	VERB			34629
སོམ་ཉི	NOUN			1178
སོར་མོ	NOUN			3385
སྲ	VERB			
སྲང	NOUN			4356
སྲན་ཚོད				75
སྲས	NOUN			
སྲིང་མོ	NOUN			2154
སྲིད	NOUN			31333
སྲིན				
སྲིན་པོ	NOUN			3137
སྲིན་བུ	NOUN			1357
སྲིན་བྱ	NOUN			88
སྲིན་མོ	NOUN			1365
སྲིན་ལག				1788
སྲུང	VERB			
སྲེག				1787
སྲེད	NOUN			
སྲོག	NOUN			38630
སྲོག་ཆགས	NOUN			6282
སྲོལ	NOUN			3442
སླ	VERB			
སླད	NOUN			23089
སློང	VERB			
སློབ	VERB			
སློབ་དཔོན	NOUN			69992
སློབ་མ	NOUN			22986
གསག				373
གསང	VERB			9569
གསལ	VERB			
གསལ་ལེ་				
གསུང	VERB			49427
གསུངས	VERB			83428
གསུམ	NUM			
གསུམ་ཅ				
གསུམ་པོ	NUM			
གསུས				
གསུས་ཁྱིམ				164
གསུས་ལྕི				
གསུས་གཟེར				
གསེབ	NOUN			1861
གསེར	NOUN			28662
གསོལ	VERB			
བསགས	VERB			
བསམ	NOUN			
བསམ་གཏན	NOUN			35174
བསམས	VERB			
བསལ	VERB			
བསེ་རུ	NOUN			1018
བསོད་སྙོམས	NOUN			4443
བསོད་ནམས	NOUN			36815
བསླབ	VERB			
ཧ	NOUN			
ཧ་ཅང	ADV			6107
ཧོམ་ཁུང	NOUN			359
ལྷ	NOUN			119117
ལྷ་སྲིན	NOUN			971
ལྷག	NOUN			5433
ལྷག་མཐོང	NOUN			4943
ལྷག་མ	NOUN			19059
ལྷན	NOUN			
ལྷན་ཅིག	OTHER			
ལྷུང	VERB			
ལྷུང་བཟེད	NOUN			7026
ལྷུན	NOUN			9437
ལྷུར	VERB			
ལྷོ	NOUN			4809
ཨུ་རྒྱན	PROPN			862
ཨུ་མ	NOUN			
ཨོ་རྒྱན	PROPN			